{"schemaVersion":"1.0","appDefinitionTemplate":{"id":"/providers/Microsoft.PowerApps/apps/","type":"Microsoft.PowerApps/apps","tags":{"primaryDeviceWidth":"640","primaryDeviceHeight":"1136","sienaVersion":"20220207T054443Z-3.22014.14.0","deviceCapabilities":"","supportsPortrait":"true","supportsLandscape":"true","primaryFormFactor":"Phone","publisherVersion":"3.22014.14","minimumRequiredApiVersion":"2.2.0","hasComponent":"true","hasUnlockedComponent":"true","isUnifiedRootApp":"false"},"properties":{"appVersion":"2022-02-07T05:44:43Z","lifeCycleId":"Published","createdByClientVersion":{"major":3,"minor":22014,"build":14,"revision":0,"majorRevision":0,"minorRevision":0},"minClientVersion":{"major":3,"minor":22014,"build":14,"revision":0,"majorRevision":0,"minorRevision":0},"backgroundColor":"rgba(255, 255, 255, 1)","backgroundImageUri":"/2430774450555412247/Nc7e04644-6623-4124-8c82-4f93206cfbf6-logoSmallFile","displayName":"Academic Affairs","description":"Phần mềm công tác Đào tạo","commitMessage":"","appUris":{"documentUri":{"value":"/2430774450555412247/N468cfa8c-5f1d-413c-907b-2c0fd5a20834-document.msapp"},"imageUris":[]},"createdTime":"0001-01-01T00:00:00Z","lastModifiedTime":"0001-01-01T00:00:00Z","sharedGroupsCount":0,"sharedUsersCount":0,"icons":{"smallIconUri":"/2430774450555412247/Nc53fe689-f6c0-480a-9991-72f3b4f6be9f-small.png","mediumIconUri":"/2430774450555412247/N7a1062cb-489f-4931-b21c-e04d94a1596c-medium.png","largeIconUri":"/2430774450555412247/Ndde9908a-49d3-40ba-8f0d-59c1fa7e7ec7-large.png","wideIconUri":"/2430774450555412247/N02f44692-0681-4568-850e-91f67bbe5342-wide.png"},"connectionReferences":{"9d34c7b4-7095-42a9-bfaa-6db88eae137f":{"id":"648121dc-0210-4119-8c1e-4b5ecd0e85ea","displayName":"Office 365 Users","iconUri":"https://connectoricons-prod.azureedge.net/releases/v1.0.1528/1.0.1528.2589/office365users/icon.png","dataSources":["Office365Users"],"dependencies":[],"dependents":[],"parameterHints":{},"parameterHintsV2":{},"isOnPremiseConnection":false,"bypassConsent":false,"dataSets":{},"apiTier":"Standard","isCustomApiConnection":false},"37d0b459-6552-4628-af9a-eaf661932c93":{"id":"856556ba-f98f-45d6-8b41-d37e15883ac4","displayName":"SharePoint","iconUri":"https://connectoricons-prod.azureedge.net/releases/v1.0.1550/1.0.1550.2686/sharepointonline/icon.png","dataSources":["NhatKyDayHoc","DanhsachCBGV","VatChatDaoTao","HVSVAll"],"dependencies":[],"dependents":[],"parameterHints":{},"parameterHintsV2":{},"isOnPremiseConnection":false,"bypassConsent":false,"dataSets":{"https://mseduvn.sharepoint.com/sites/AcademicAffairs":{"dataSources":{"NhatKyDayHoc":{"tableName":"39264897-6db2-4c3b-87e8-24e968347bfa"},"DanhsachCBGV":{"tableName":"88f3d8ca-7e32-4ef1-b1b7-a93529a2c59b"},"VatChatDaoTao":{"tableName":"34a6b69b-2c70-4824-9bd6-56854d3903e0"},"HVSVAll":{"tableName":"08332500-8167-46d6-b8b8-bf28d94b9287"}}}},"apiTier":"Standard","isCustomApiConnection":false,"actions":["providers/PowerPlatform.Governance/Operations/Read","providers/PowerPlatform.Governance/Operations/Write","providers/PowerPlatform.Governance/Operations/Delete"]}},"databaseReferences":{},"almMode":"Environment","performanceOptimizationEnabled":true,"canConsumeAppPass":true,"executionRestrictions":{"isTeamsOnly":false,"dataLossPreventionEvaluationResult":{"status":"Compliant","lastEvaluationDate":"2022-02-04T19:10:21.6862971Z","violations":[],"violationsByPolicy":[],"violationErrorMessage":"The app uses the following connectors: shared_sharepointonline, shared_office365users, shared_powerappsnotification."}}},"appType":"ClassicCanvasApp","appComponents":[]}}